id,Strength
5407,50.381148900915655
5408,20.540667495938816
5409,36.96479618365302
5410,46.08012561170807
5411,32.097212304471995
5412,42.37594802230954
5413,35.354472869747354
5414,23.855077429104057
5415,43.92239774161394
5416,40.533541635989955
5417,44.126366274560674
5418,49.19491041636471
5419,42.91654806700939
5420,46.50069418076245
5421,36.18023183198054
5422,28.27159829863325
5423,52.309877785101484
5424,47.112437419845826
5425,38.678982852224074
5426,51.929666731936855
5427,29.771806768625883
5428,28.747857077717843
5429,29.18427771855795
5430,29.336357191346675
5431,20.5920008446364
5432,48.96037021994068
5433,21.316715591481625
5434,41.76030986752289
5435,42.936260009383425
5436,40.899044345943125
5437,41.05484642851257
5438,31.796406267687136
5439,46.53939947100074
5440,38.23477215781244
5441,18.851999583856028
5442,41.41306107697043
5443,37.57626205652181
5444,37.880392348266234
5445,21.36286889815635
5446,42.98072408855958
5447,41.806598222634335
5448,27.214336694440817
5449,47.71856634779548
5450,42.84081547739364
5451,48.90636469552519
5452,23.129043404546223
5453,34.97400489542799
5454,38.59491071143338
5455,40.986817521224275
5456,38.576461993484656
5457,19.968141273734535
5458,35.927548612607126
5459,29.498637638541513
5460,33.43022601844058
5461,27.385208588272018
5462,23.205023655448908
5463,39.39178037607528
5464,37.54097963118346
5465,50.64318397258922
5466,43.919291230907355
5467,43.02739735375639
5468,27.49831866810959
5469,39.34147772861734
5470,30.50735204141547
5471,36.82518655655895
5472,31.540921882418587
5473,26.575904936675045
5474,46.031481693582684
5475,19.95277086001229
5476,47.48088272994713
5477,46.01551374160315
5478,38.592308420821446
5479,22.170487751641573
5480,43.18594477591836
5481,41.72657245173764
5482,39.3491216307556
5483,34.74389940626178
5484,44.07152797170708
5485,46.24487768451481
5486,49.07864458021496
5487,42.543410096159825
5488,39.82294301036858
5489,46.22403906151387
5490,45.19211564756202
5491,32.04322696484533
5492,48.34591543400324
5493,35.318602455818265
5494,39.66152249682161
5495,25.80950774327647
5496,38.76133436976995
5497,40.536802880966185
5498,41.15014425017922
5499,50.62521635320428
5500,37.23913948458292
5501,28.333333151756154
5502,41.39266296252893
5503,28.74871017976045
5504,51.98394943533095
5505,36.85878836335939
5506,44.20396492857438
5507,42.128419036418094
5508,35.72076229987881
5509,39.6754413880786
5510,48.808551102612036
5511,40.56934999423435
5512,20.054714153063202
5513,47.171321212743884
5514,27.87392270681397
5515,42.243230852674316
5516,47.71856634779548
5517,35.56886850287409
5518,43.02739735375639
5519,19.07304859027653
5520,48.96037021994068
5521,42.91494862900033
5522,33.610450592580825
5523,40.24265516989589
5524,27.87392270681397
5525,34.73635380772137
5526,27.265968287905007
5527,35.927277057466995
5528,29.97507210973254
5529,50.751076423966616
5530,41.4055700165737
5531,48.69041191531912
5532,55.17368447730308
5533,29.432986853884742
5534,48.315955103973685
5535,26.903079099682
5536,49.18637941454801
5537,28.347016869379004
5538,44.68849928256751
5539,18.740443086195942
5540,29.919840022460804
5541,41.41619425147094
5542,17.79400503473178
5543,53.70958149485218
5544,20.465773259868836
5545,36.48405617356385
5546,45.03331728731331
5547,32.04666388442309
5548,31.80611046002362
5549,30.092841068377794
5550,36.01117661796268
5551,35.29344238035433
5552,30.54037815046908
5553,36.35369090769904
5554,27.249015821374922
5555,47.050742386403876
5556,37.54097963118346
5557,42.98072408855958
5558,21.47937621738846
5559,50.2104959492626
5560,27.05473928919803
5561,35.29344238035433
5562,48.00558020301835
5563,40.899044345943125
5564,42.17839078045892
5565,45.741807333277826
5566,34.06505438252369
5567,29.87671655791821
5568,47.569775629961384
5569,49.075705266345246
5570,32.21341431579964
5571,27.715209573297614
5572,20.688824977321257
5573,35.927548612607126
5574,41.361971003436906
5575,29.232192611492994
5576,34.8083303624965
5577,37.728921065491484
5578,37.88392723807
5579,41.71735722620824
5580,36.9460735812687
5581,41.806598222634335
5582,24.668455782546232
5583,41.71735722620824
5584,45.98970034004903
5585,48.723330733621616
5586,22.066689814384187
5587,43.76226766060308
5588,18.806155980354983
5589,19.51007254070775
5590,43.6631708528702
5591,53.26973126261466
5592,44.143966142315946
5593,39.11794011169408
5594,41.806598222634335
5595,38.31154346715664
5596,53.032479867977315
5597,36.02600001416902
5598,42.379919309605434
5599,21.45431001966529
5600,27.317113131182083
5601,41.29348910271452
5602,43.31493013096383
5603,38.25293305566706
5604,32.62671403556659
5605,28.95856632425834
5606,37.880392348266234
5607,32.77468409878273
5608,44.470471330888984
5609,37.478955346869114
5610,36.51760880759135
5611,36.53410585757456
5612,42.8686233192577
5613,20.50071724712999
5614,38.19045836698845
5615,33.91492884681401
5616,18.42499386081676
5617,43.40572144628711
5618,23.204861925564714
5619,20.213498958928184
5620,48.61068111112297
5621,26.896926405732334
5622,46.77276712135412
5623,20.95995950266634
5624,29.415260289508144
5625,35.318602455818265
5626,37.23913948458292
5627,53.26973126261466
5628,26.537251930228777
5629,41.8763399182815
5630,40.315618616553714
5631,52.370542940540616
5632,42.75654628129653
5633,39.16365494035258
5634,26.9152375217439
5635,29.345283471140082
5636,20.688824977321257
5637,35.875039865643735
5638,37.27820594242719
5639,39.80539001708894
5640,41.71533556358212
5641,19.51007254070775
5642,41.30309809276141
5643,22.04857509916324
5644,46.62551357789307
5645,48.96434105327401
5646,25.696038105000373
5647,42.243230852674316
5648,27.09908025493868
5649,35.98886094165582
5650,46.27601487182212
5651,37.808791309947104
5652,42.74869662410371
5653,39.16365494035258
5654,52.87790819457306
5655,36.29561241411543
5656,21.17018753595288
5657,44.1057988380054
5658,24.906033699559732
5659,19.578626595728853
5660,41.37712420629035
5661,38.725671586560644
5662,47.73018532332923
5663,36.81520912784009
5664,46.96024013852384
5665,48.96037021994068
5666,31.32049428074021
5667,27.726915326084832
5668,35.774074514038226
5669,22.172500047399847
5670,20.07078531168389
5671,35.35266630921989
5672,44.53969329426523
5673,30.54037815046908
5674,28.045421743343
5675,20.18906618320791
5676,42.91654806700939
5677,44.07152797170708
5678,48.34591543400324
5679,19.267696929059397
5680,41.37712420629035
5681,30.85129217427102
5682,42.38406453842478
5683,35.81285169669271
5684,60.19827820083202
5685,42.266798643483185
5686,37.23829974209169
5687,44.040283392160454
5688,41.156980679134136
5689,47.30291673525728
5690,42.61477133969016
5691,45.76870614105457
5692,48.80265358198579
5693,42.91654806700939
5694,24.951046778536
5695,33.94903655670738
5696,43.555709808482
5697,34.69094199321562
5698,49.61888295194526
5699,47.52186642009915
5700,35.15397939922249
5701,28.017439477343128
5702,35.911434340990574
5703,28.95856632425834
5704,25.807579305977665
5705,48.28967344267304
5706,53.03721338766146
5707,53.26973126261466
5708,40.674852880153516
5709,45.9559301759921
5710,41.04655602529641
5711,27.09931322161516
5712,27.94822957198961
5713,48.96037021994068
5714,52.834185540796284
5715,23.50994454548624
5716,27.273921729957507
5717,33.77048962333845
5718,37.70470429220446
5719,37.334851817734915
5720,46.77276712135412
5721,49.74921371499945
5722,25.29714410776279
5723,47.21831623861629
5724,35.336184604749135
5725,36.53837464557156
5726,28.11277021556522
5727,41.325528294207516
5728,18.885461863448967
5729,41.71735722620824
5730,41.309996333693945
5731,49.41596607853623
5732,19.778588967554963
5733,40.35508626297639
5734,46.58291085640089
5735,31.761860975243394
5736,44.040283392160454
5737,19.152775031293956
5738,43.82077551144457
5739,49.80810727758573
5740,32.97596844810661
5741,27.09908025493868
5742,38.746870647349176
5743,26.094747284310312
5744,19.374250008676654
5745,42.91654806700939
5746,38.2988828575618
5747,47.6850799832252
5748,38.52316912610873
5749,41.82889252289834
5750,37.42267702414021
5751,26.43225986062011
5752,37.8098912423881
5753,27.15964905494849
5754,27.97053400256001
5755,58.548660470355834
5756,43.18594477591836
5757,40.986817521224275
5758,30.092841068377794
5759,36.99416350362164
5760,18.806155980354983
5761,38.98143244077874
5762,25.82617911114816
5763,20.33068466442005
5764,49.183975924740224
5765,30.54037815046908
5766,20.71473552570806
5767,33.108932316470835
5768,20.499449242969384
5769,43.43952869981481
5770,42.13091507533133
5771,30.91431772855667
5772,43.02739735375639
5773,28.343424442396884
5774,41.43723877769193
5775,42.75654628129653
5776,33.34112129794877
5777,44.07449904331861
5778,19.870993746006274
5779,46.85950187489957
5780,42.15804878493202
5781,27.89608665597051
5782,47.861650152680255
5783,38.069774882137665
5784,37.82641674374839
5785,47.30291673525728
5786,18.921944854301692
5787,41.4055700165737
5788,36.98360011499431
5789,48.7596941524291
5790,28.646603751811814
5791,19.711904024637633
5792,29.316723243609058
5793,30.54037815046908
5794,43.90937891399019
5795,42.91654806700939
5796,47.861650152680255
5797,42.42738107735692
5798,46.11219704585928
5799,21.14915702786484
5800,25.57962244935619
5801,27.378291757850324
5802,49.55325078308247
5803,43.065411037631605
5804,41.71735722620824
5805,38.49626451434762
5806,20.688824977321257
5807,37.62813619542421
5808,55.457259724480686
5809,33.34112129794877
5810,28.017439477343128
5811,36.08426350269923
5812,43.029574398762584
5813,49.032726640154145
5814,35.3776334940325
5815,34.69094199321562
5816,44.07152797170708
5817,47.420791949663816
5818,19.711904024637633
5819,44.121243797767214
5820,41.30309809276141
5821,38.55154684017929
5822,35.47601895775455
5823,34.888296879829454
5824,35.04933185108796
5825,44.99127747132227
5826,31.574324669215315
5827,18.748174703732413
5828,46.77276712135412
5829,20.704577944200174
5830,20.054714153063202
5831,40.695757077566775
5832,20.213498958928184
5833,45.05970044588105
5834,29.875038282512175
5835,41.806598222634335
5836,35.33990217621386
5837,36.23535301053892
5838,39.82294301036858
5839,20.33068466442005
5840,43.7995078086062
5841,47.402112789212396
5842,44.12634626554084
5843,37.54097963118346
5844,58.52763126270363
5845,29.498637638541513
5846,40.899044345943125
5847,37.74929742922555
5848,40.15733013095308
5849,44.570859304102676
5850,20.054714153063202
5851,31.75775768859769
5852,37.14794087041408
5853,46.45062869908066
5854,37.62211636617763
5855,20.79739490047201
5856,42.92382814437794
5857,37.23913948458292
5858,51.22413649417107
5859,25.38239170042095
5860,37.23913948458292
5861,44.07449904331861
5862,47.96980064073662
5863,34.69094199321562
5864,41.97223158235829
5865,25.10354499390019
5866,44.7066053655951
5867,44.563471349184304
5868,44.92051085272718
5869,27.625264565330585
5870,20.376092050345854
5871,40.981746283133845
5872,21.27399303654829
5873,35.5034288399451
5874,42.575033210411384
5875,31.795682026977953
5876,48.15816037583306
5877,47.58594107632683
5878,31.566264310015743
5879,18.645462781131908
5880,49.74921371499945
5881,27.949745702733328
5882,40.899044345943125
5883,47.123401253997486
5884,43.93481289389103
5885,36.05725510398887
5886,39.74519904785501
5887,35.29344238035433
5888,40.24265516989589
5889,37.67232651442668
5890,39.258376629160885
5891,49.892106443857244
5892,28.473584473982584
5893,48.997121875804076
5894,48.72524524865245
5895,44.39223657151712
5896,19.052941845760788
5897,56.77854828207938
5898,23.205023655448908
5899,47.420791949663816
5900,39.78510517978889
5901,27.573786552957312
5902,49.42512671603854
5903,41.811876319583796
5904,46.62901022426721
5905,30.592048443835864
5906,46.77276712135412
5907,33.17836800331668
5908,34.69094199321562
5909,41.309996333693945
5910,46.02194357759935
5911,49.42512671603854
5912,41.309996333693945
5913,54.75957323763015
5914,41.309996333693945
5915,38.80138647935143
5916,29.03518311046096
5917,38.39907931191863
5918,38.52178384926221
5919,35.318602455818265
5920,40.47068946887498
5921,52.309877785101484
5922,43.52118879499509
5923,19.886995549358833
5924,39.66152249682161
5925,40.86807561125189
5926,36.16959767432391
5927,39.66414113863943
5928,37.23913948458292
5929,43.955355323012725
5930,30.651963347295993
5931,28.775413945535178
5932,23.11112938355916
5933,35.823750913843206
5934,49.49064493694667
5935,33.92542116023588
5936,43.78510428071988
5937,31.795682026977953
5938,53.62100599322443
5939,36.72616209055819
5940,43.02739735375639
5941,35.58343242244066
5942,44.030439960144896
5943,46.309515295769764
5944,51.38741405618119
5945,39.60576602362751
5946,38.29138199317823
5947,45.378758359419635
5948,39.90864583484861
5949,31.795682026977953
5950,43.886724121809685
5951,18.69354636578352
5952,44.55888344240375
5953,34.66593437965432
5954,48.34591543400324
5955,26.87358252880993
5956,39.3998858299405
5957,35.069455582942844
5958,29.092877486090078
5959,27.15964905494849
5960,40.986817521224275
5961,42.379919309605434
5962,20.499449242969384
5963,36.18023183198054
5964,42.18503885739608
5965,21.099317260646938
5966,38.37822317068515
5967,28.1404420375151
5968,37.25548798358514
5969,42.3468381367421
5970,25.17909927395878
5971,43.954451242615356
5972,42.029905984369776
5973,39.91670107183612
5974,30.9928818748147
5975,18.806727205022465
5976,44.86881525004001
5977,41.309996333693945
5978,36.19556797531832
5979,28.921490834331603
5980,33.55618553324337
5981,28.27159829863325
5982,34.8083303624965
5983,31.75775768859769
5984,57.05537981760681
5985,41.30309809276141
5986,38.59491071143338
5987,44.040283392160454
5988,41.325528294207516
5989,28.700197114636392
5990,42.91654806700939
5991,47.97389018445975
5992,42.58251609464076
5993,43.36006969937372
5994,26.87358252880993
5995,36.90395744597638
5996,49.09259553421531
5997,19.493149235885664
5998,20.054714153063202
5999,18.806155980354983
6000,49.33456428882156
6001,42.029905984369776
6002,42.006720856336926
6003,32.1371517549478
6004,35.29344238035433
6005,31.862548421614473
6006,46.45062869908066
6007,22.141805765123223
6008,51.00735253389294
6009,35.71208112965687
6010,19.875894001075277
6011,27.845027217906477
6012,49.1955566784589
6013,47.01783849356999
6014,58.88853143744896
6015,18.740443086195942
6016,21.17018753595288
6017,42.68830476995223
6018,40.50279423355229
6019,29.739740158145242
6020,36.01886191535677
6021,18.851999583856028
6022,33.241284669983344
6023,26.537251930228777
6024,49.74921371499945
6025,40.547872465037614
6026,42.91654806700939
6027,41.43723877769193
6028,20.949289266113958
6029,23.3614427628393
6030,29.18427771855795
6031,46.77095981022845
6032,29.87671655791821
6033,46.26210335658062
6034,35.336049318204324
6035,49.31788566534545
6036,41.806598222634335
6037,38.24160934726365
6038,42.243230852674316
6039,50.38180622597722
6040,31.10668480796116
6041,52.0689459807517
6042,45.29961221964126
6043,47.31378829400945
6044,20.349500087720113
6045,42.28336017619341
6046,41.22761417156681
6047,48.927534053612334
6048,42.75811858287047
6049,36.81085385009462
6050,46.486098846913855
6051,34.63194996122838
6052,42.84081547739364
6053,35.95403555998277
6054,23.25976014094289
6055,44.16667685962893
6056,43.954451242615356
6057,24.122461333262688
6058,33.8987095245446
6059,23.205023655448908
6060,25.311100557710443
6061,39.16365494035258
6062,37.738808936331004
6063,28.618363275621334
6064,46.09048036435488
6065,50.58468942397618
6066,24.942014650956597
6067,36.48405617356385
6068,37.865778802462714
6069,42.91494862900033
6070,42.02406509954993
6071,35.070935267915054
6072,18.388776976146044
6073,29.577182410346904
6074,36.67256804704416
6075,28.176057080891283
6076,50.62680935416108
6077,43.02543543570468
6078,34.69094199321562
6079,40.778067290089375
6080,42.15804878493202
6081,38.4730496095552
6082,39.27412361113468
6083,30.699636046925068
6084,20.949289266113958
6085,52.99128390622033
6086,33.82033424527116
6087,20.38303620013259
6088,36.34149798564335
6089,26.207885704674126
6090,43.160769071618915
6091,42.379919309605434
6092,37.684457727182554
6093,45.21898522338406
6094,49.74921371499945
6095,37.32723922938474
6096,47.04066392122269
6097,45.30627494387207
6098,40.709973899381495
6099,41.349745807942355
6100,41.24378832456571
6101,28.742199855266705
6102,49.940976988572764
6103,39.53491267282982
6104,41.37749084520953
6105,38.37620902297666
6106,35.267260777376954
6107,48.1378880624064
6108,43.35727918025318
6109,29.739740158145242
6110,44.13285378177539
6111,41.87218643378473
6112,49.022395108804794
6113,30.54037815046908
6114,47.026690634289906
6115,18.921944854301692
6116,26.003140994000542
6117,44.49180700903207
6118,44.49448378845174
6119,34.43607664032274
6120,19.778588967554963
6121,54.18637975511914
6122,42.75654628129653
6123,28.95856632425834
6124,18.641876069861414
6125,58.030204185634524
6126,35.0052867220413
6127,42.98072408855958
6128,42.14289701122275
6129,26.82713312889968
6130,34.29820988119811
6131,41.309996333693945
6132,28.867199903457472
6133,29.87671655791821
6134,32.8823062209139
6135,44.38548610224711
6136,40.86807561125189
6137,19.886995549358833
6138,27.872129036260834
6139,42.164861806105
6140,43.954451242615356
6141,36.91868242019706
6142,58.030204185634524
6143,28.904927412609197
6144,26.143102726349372
6145,46.8004687973966
6146,55.2763755480593
6147,34.8083303624965
6148,36.98360011499431
6149,37.54097963118346
6150,25.894178698437084
6151,46.8951305213187
6152,30.54037815046908
6153,50.747021354202616
6154,44.78125386172624
6155,45.5875368911002
6156,42.30673490883552
6157,29.00184037397838
6158,46.779164911624854
6159,35.267260777376954
6160,51.30933672026905
6161,45.69439270014791
6162,37.8313510998344
6163,31.87226856923188
6164,46.45062869908066
6165,23.204861925564714
6166,42.240346667873006
6167,41.806598222634335
6168,38.67090145477578
6169,26.92532982503057
6170,46.783545190608116
6171,28.867199903457472
6172,43.8266882050215
6173,34.29820988119811
6174,23.205023655448908
6175,34.8083303624965
6176,38.72650035340133
6177,51.77222874783336
6178,35.789052302292355
6179,18.740443086195942
6180,35.927548612607126
6181,45.21949877659085
6182,38.55689252827647
6183,39.170583772861455
6184,19.695119028392863
6185,43.18594477591836
6186,27.835236621024137
6187,41.30309809276141
6188,40.11606223082147
6189,37.44828751146266
6190,42.175907909634674
6191,28.27159829863325
6192,35.47601895775455
6193,43.5521151972842
6194,41.806598222634335
6195,41.3604948558227
6196,43.52983051161409
6197,37.293592534149774
6198,53.45899765989109
6199,26.87358252880993
6200,39.474487630140544
6201,37.26131327652022
6202,37.334851817734915
6203,35.318602455818265
6204,41.0189985655397
6205,45.89113529014418
6206,47.9991652279629
6207,37.8098912423881
6208,36.02600001416902
6209,36.02600001416902
6210,43.13492128723397
6211,50.688933760969924
6212,50.8476698554011
6213,28.909718523208145
6214,46.77276712135412
6215,38.069774882137665
6216,30.27220493977501
6217,49.58883625380028
6218,46.661757523771676
6219,48.997121875804076
6220,51.80334539489192
6221,36.574052263207854
6222,49.445428954552305
6223,47.73018532332923
6224,49.495967742777204
6225,37.03892064231101
6226,50.02669362679208
6227,30.630402018867258
6228,35.47601895775455
6229,28.45791602046242
6230,42.98072408855958
6231,39.52481138145779
6232,28.23555647166634
6233,32.60552870910766
6234,36.814779501773415
6235,41.81227638325414
6236,38.069774882137665
6237,46.96024013852384
6238,37.88779062961333
6239,38.964251870844976
6240,33.816538604940774
6241,26.087485292503317
6242,41.09075514304081
6243,20.213498958928184
6244,47.78322641984792
6245,51.9418271821261
6246,41.71533556358212
6247,36.66430683539574
6248,34.397517089869154
6249,33.507230482905655
6250,26.76530464929881
6251,49.42512671603854
6252,48.79613752289364
6253,56.03575661037917
6254,39.626976637047036
6255,35.493459239266706
6256,38.78497932753438
6257,33.42528105675321
6258,39.179851130141266
6259,31.650263742802906
6260,18.921944854301692
6261,38.326072414697826
6262,42.28410836209476
6263,28.73742801771117
6264,38.52776178033149
6265,43.97163045578943
6266,40.667414014012444
6267,42.75654628129653
6268,21.996606382906407
6269,41.161001958254396
6270,30.592048443835864
6271,19.949386720655202
6272,43.82077551144457
6273,35.565666280651875
6274,29.018719297137494
6275,37.23408264988819
6276,20.39558364131808
6277,31.426816893771726
6278,23.407271788436727
6279,19.209350412941756
6280,42.691805936160144
6281,32.11508123592031
6282,46.41380641777166
6283,41.09992554785537
6284,26.464947815260786
6285,51.9418271821261
6286,26.6793756249438
6287,39.49686898658846
6288,36.90215781622923
6289,47.603847335638115
6290,46.04606986565212
6291,42.019360652497106
6292,19.711904024637633
6293,42.84081547739364
6294,47.71856634779548
6295,39.831455337045576
6296,36.30222049641563
6297,38.287724539902264
6298,40.439373805493766
6299,44.094087436478674
6300,20.07078531168389
6301,27.56683561255404
6302,36.96509038405563
6303,20.213498958928184
6304,47.71856634779548
6305,41.29348910271452
6306,27.63018421755011
6307,37.334851817734915
6308,43.82077551144457
6309,42.379919309605434
6310,47.94389897919657
6311,30.27220493977501
6312,41.71735722620824
6313,46.6074787900937
6314,47.420791949663816
6315,33.95193069279436
6316,27.172904526063395
6317,42.91654806700939
6318,26.958157771039293
6319,47.64241011402898
6320,46.359157431840835
6321,47.473521057264605
6322,46.04606986565212
6323,28.515087236877452
6324,42.98072408855958
6325,41.615618855642886
6326,24.741902158841018
6327,29.45080413604821
6328,46.45062869908066
6329,27.595243959062515
6330,18.586467519019376
6331,32.48326989286244
6332,38.505092639850695
6333,25.29195886519022
6334,42.179357225532705
6335,31.34797762466182
6336,19.93664096433672
6337,29.316723243609058
6338,30.592048443835864
6339,29.128636060697556
6340,42.148303723752235
6341,40.83475849409026
6342,32.92888778208803
6343,47.589979366505325
6344,30.369276472814864
6345,47.861650152680255
6346,39.4877551688932
6347,42.68432235375639
6348,34.00927111144387
6349,22.820106545977424
6350,40.69427268830987
6351,31.754994308576727
6352,38.18941470204946
6353,20.791044731693265
6354,41.31293363345017
6355,37.402742231085995
6356,50.55887068012684
6357,26.939498176572982
6358,45.19211564756202
6359,27.09908025493868
6360,38.55689252827647
6361,34.29820988119811
6362,43.02739735375639
6363,35.837239516614375
6364,52.55323481468739
6365,32.11508123592031
6366,41.30309809276141
6367,28.515087236877452
6368,39.82294301036858
6369,24.951046778536
6370,44.51581707475436
6371,41.38536073536389
6372,42.15804878493202
6373,29.534805387286823
6374,37.63108027186205
6375,32.347778958932246
6376,50.716433547173466
6377,19.711904024637633
6378,46.627044525197846
6379,34.279874087514145
6380,53.26973126261466
6381,46.01551374160315
6382,38.53684569730486
6383,55.17368447730308
6384,42.68830476995223
6385,37.424175580699746
6386,28.930907527950115
6387,42.15804878493202
6388,20.632406646948255
6389,18.87540631861242
6390,49.46397734334175
6391,48.88813312889234
6392,50.244764323452564
6393,40.18358186433841
6394,50.02756760463791
6395,29.117421207311708
6396,49.27815543476614
6397,40.986817521224275
6398,29.960030060272462
6399,50.09098536228131
6400,46.01551374160315
6401,42.33088754049313
6402,43.023822969025865
6403,47.63194704218771
6404,38.726809065574315
6405,42.691805936160144
6406,18.740443086195942
6407,33.734791325357094
6408,21.422562242963064
6409,19.711904024637633
6410,29.052562294785606
6411,37.0969812698759
6412,30.728841477229096
6413,43.567635586952406
6414,34.12269900442062
6415,51.00735253389294
6416,39.50454912323989
6417,41.37712420629035
6418,30.54037815046908
6419,34.718705445754445
6420,22.290285179400218
6421,36.02600001416902
6422,54.56417083715916
6423,22.820106545977424
6424,23.6122793377951
6425,41.293202348080115
6426,42.543410096159825
6427,53.09845158377999
6428,37.78776277776705
6429,42.543410096159825
6430,26.38561424435494
6431,37.767187732158156
6432,46.017992313273574
6433,42.19198815572043
6434,42.3468381367421
6435,42.68830476995223
6436,23.407271788436727
6437,46.77276712135412
6438,24.979093162708818
6439,45.581729009346795
6440,53.17740194861481
6441,25.541322725037997
6442,35.267260777376954
6443,28.12397245069194
6444,36.550147783491106
6445,35.602203305552024
6446,19.152775031293956
6447,22.123036335798545
6448,35.927548612607126
6449,39.561068158687995
6450,34.53952956839404
6451,43.954451242615356
6452,42.04865126705908
6453,33.35777773240459
6454,44.253287984619114
6455,22.514463780756866
6456,42.42738107735692
6457,35.567003536890454
6458,24.951046778536
6459,24.47684305548204
6460,45.65382391456279
6461,42.91654806700939
6462,36.794419159782706
6463,29.94451854247696
6464,34.29820988119811
6465,34.978106631676134
6466,36.14676757679826
6467,35.29344238035433
6468,21.57590960282313
6469,41.84507997762429
6470,47.54361257199671
6471,49.11440743462533
6472,29.408527849207257
6473,38.91138145444614
6474,38.55154684017929
6475,41.81227638325414
6476,43.954451242615356
6477,38.53684569730486
6478,34.8083303624965
6479,31.221418126686853
6480,45.19211564756202
6481,20.963483199594098
6482,41.101511277528296
6483,26.15699658824616
6484,42.900178191201604
6485,42.3468381367421
6486,33.17619400275317
6487,30.551762229440126
6488,59.501374833582105
6489,40.986817521224275
6490,37.108879539351875
6491,46.831954783481244
6492,33.22582674363236
6493,21.47937621738846
6494,19.711904024637633
6495,47.21831623861629
6496,42.691805936160144
6497,37.232503312380885
6498,44.845132049678426
6499,40.45626426975187
6500,29.498637638541513
6501,41.349745807942355
6502,39.8268573630837
6503,48.76819479120164
6504,41.66677902747035
6505,42.98072408855958
6506,52.874120217681984
6507,49.19491041636471
6508,37.36672531255426
6509,49.88584799417321
6510,42.029905984369776
6511,42.379919309605434
6512,41.309996333693945
6513,28.084603035583655
6514,37.8098912423881
6515,26.207217079310862
6516,47.73018532332923
6517,32.60552870910766
6518,30.283442490771915
6519,27.63018421755011
6520,38.84096800855525
6521,35.42648032597841
6522,38.39907931191863
6523,42.691805936160144
6524,35.927548612607126
6525,29.603056195930975
6526,40.15476685923395
6527,32.416508384986216
6528,46.24487768451481
6529,34.04489034409962
6530,32.12116998527357
6531,52.23392719456225
6532,20.376092050345854
6533,44.30266588214068
6534,38.149663698758694
6535,45.93186855760055
6536,28.710019458396044
6537,40.86807561125189
6538,34.33663851128089
6539,28.52392477178296
6540,33.98051790981943
6541,27.56683561255404
6542,42.691805936160144
6543,39.33433186349129
6544,42.75654628129653
6545,25.727232187720915
6546,38.75353586709184
6547,36.92857558361831
6548,39.831455337045576
6549,47.69918324021025
6550,28.326260033050257
6551,37.6187410957788
6552,27.42236296769076
6553,30.50735204141547
6554,28.268247231060798
6555,40.442898438198156
6556,43.82077551144457
6557,42.18408630930569
6558,32.47265062463128
6559,44.69585026802642
6560,39.03338473044342
6561,49.12054967328425
6562,38.63557751204347
6563,30.54037815046908
6564,52.434442849351626
6565,36.477075795392395
6566,19.51007254070775
6567,35.40362706051912
6568,41.17460857273306
6569,47.473521057264605
6570,47.05651758537832
6571,36.73286185860871
6572,41.43723877769193
6573,44.29574837205882
6574,48.58422417523601
6575,34.62996514659193
6576,42.84789902575892
6577,38.576461993484656
6578,30.592048443835864
6579,42.243230852674316
6580,38.991259769817525
6581,23.707346639947037
6582,39.82294301036858
6583,21.36286889815635
6584,32.87914879614576
6585,44.84015074771916
6586,38.0080951898961
6587,37.091319635435696
6588,45.634849453346476
6589,43.7995078086062
6590,46.45062869908066
6591,44.040283392160454
6592,44.414282778401365
6593,42.233057254377094
6594,42.64884799547566
6595,42.15804878493202
6596,41.91191467426174
6597,40.73799821906241
6598,35.55251303642721
6599,44.63772796536261
6600,37.402742231085995
6601,36.98360011499431
6602,38.386268449198745
6603,39.16365494035258
6604,25.071346867234244
6605,27.293571697641422
6606,42.6065793154766
6607,20.373601760412296
6608,19.076680719800883
6609,41.79077800601589
6610,34.200708215196634
6611,45.3366728793067
6612,19.374250008676654
6613,43.954451242615356
6614,47.7709758271695
6615,35.55251303642721
6616,47.71856634779548
6617,34.38009120609046
6618,20.213498958928184
6619,43.35263099858397
6620,19.988224204962517
6621,40.986817521224275
6622,43.955355323012725
6623,44.75550875085613
6624,31.077121004792996
6625,46.73012623814329
6626,27.154671127954558
6627,31.221418126686853
6628,46.59701993254677
6629,26.167493712420537
6630,38.59491071143338
6631,27.09908025493868
6632,41.133694760376684
6633,22.861676650365553
6634,38.797834870750606
6635,48.96434105327401
6636,27.666240022854794
6637,29.062589724645267
6638,36.651973840129024
6639,35.267260777376954
6640,27.72845778458377
6641,19.076680719800883
6642,42.28410836209476
6643,33.77082911304626
6644,47.71856634779548
6645,46.08012561170807
6646,23.33400543263977
6647,30.50436178647402
6648,46.79326682241494
6649,45.15920886508486
6650,42.84326868522961
6651,20.376092050345854
6652,40.986817521224275
6653,40.337578977323204
6654,29.345283471140082
6655,48.553709529725865
6656,32.1371517549478
6657,40.986817521224275
6658,40.54472342526814
6659,36.52107538190443
6660,41.806598222634335
6661,42.379919309605434
6662,45.22512582568216
6663,46.44376418049251
6664,38.90318999085766
6665,43.60523147099812
6666,27.81979906812212
6667,53.49296636116261
6668,48.96037021994068
6669,43.18594477591836
6670,27.317439102899993
6671,47.48088272994713
6672,26.172121832120197
6673,50.38425182087996
6674,47.30291673525728
6675,44.41158817281291
6676,42.379919309605434
6677,33.241284669983344
6678,32.855151480898165
6679,38.00299675634042
6680,37.67232651442668
6681,18.85414017032535
6682,20.213498958928184
6683,33.41212859016643
6684,48.315955103973685
6685,54.06891276890147
6686,40.986817521224275
6687,44.39276311615521
6688,52.2928456489723
6689,19.405111864904068
6690,30.004303383812083
6691,25.835144150441323
6692,50.11415837645413
6693,43.86678606253246
6694,42.3994663839427
6695,43.955355323012725
6696,37.79440325911071
6697,50.45566787364416
6698,42.900178191201604
6699,46.58688798998751
6700,22.899171425120425
6701,28.909718523208145
6702,52.636182717681976
6703,39.321534356442086
6704,47.589979366505325
6705,43.955355323012725
6706,27.148396817741926
6707,28.404304932274965
6708,33.25014959331668
6709,42.84326868522961
6710,28.045421743343
6711,18.641876069861414
6712,22.179893838305308
6713,35.318602455818265
6714,49.09955659018348
6715,26.46071692210486
6716,43.54734352777128
6717,41.30309809276141
6718,35.028603802761864
6719,35.318602455818265
6720,59.501374833582105
6721,25.38239170042095
6722,23.637690831471115
6723,48.00558020301835
6724,36.66260239386434
6725,28.308288956461098
6726,41.81227638325414
6727,37.8098912423881
6728,46.76999231008017
6729,42.15804878493202
6730,41.309996333693945
6731,31.320886829978008
6732,49.52825713276655
6733,33.241284669983344
6734,38.10586300190268
6735,25.966638348080796
6736,22.810265820112576
6737,38.43801719484377
6738,38.5942100843131
6739,46.96024013852384
6740,46.24487768451481
6741,26.172121832120197
6742,42.322575243629025
6743,46.77276712135412
6744,42.164861806105
6745,36.561629965116424
6746,38.54382246189715
6747,26.831253275707635
6748,19.405111864904068
6749,50.45566787364416
6750,34.69094199321562
6751,46.73901048467718
6752,37.831867107750945
6753,27.383120192286444
6754,26.330059760044538
6755,39.04533647935143
6756,43.83021020331932
6757,38.75217344816422
6758,35.56886850287409
6759,42.58393217892935
6760,37.23913948458292
6761,34.29820988119811
6762,39.34019383933676
6763,38.9981702427982
6764,30.55587133565354
6765,18.806155980354983
6766,34.718705445754445
6767,53.70565528286073
6768,48.54473862138776
6769,35.29344238035433
6770,39.232885954292364
6771,46.831954783481244
6772,46.45062869908066
6773,37.7292718511072
6774,23.230482574188972
6775,39.97673666913962
6776,19.267696929059397
6777,35.755964846142355
6778,42.97184385512298
6779,41.287333253227295
6780,20.24245344101391
6781,53.0233175962505
6782,28.27159829863325
6783,33.79223879979036
6784,29.781718960743728
6785,19.69298036883512
6786,41.05602290852483
6787,44.040283392160454
6788,27.278471697641418
6789,40.410207670629696
6790,40.899044345943125
6791,42.98072408855958
6792,38.81078125891428
6793,37.51506151261753
6794,45.76870614105457
6795,46.76723814723684
6796,18.440569915334653
6797,28.35374511710985
6798,18.740443086195942
6799,38.17227543754921
6800,41.325528294207516
6801,48.1378880624064
6802,33.619007119129094
6803,45.284522024914715
6804,59.501374833582105
6805,20.647497638618272
6806,32.55072905120753
6807,37.73061306013721
6808,50.49039597031709
6809,37.852782826422676
6810,38.52987067678843
6811,27.387780456122517
6812,39.34919140793915
6813,36.490613959997056
6814,38.95593501745333
6815,20.054714153063202
6816,27.81979906812212
6817,38.67090145477578
6818,21.87290056503831
6819,34.97400489542799
6820,34.69094199321562
6821,34.608693380728035
6822,24.951046778536
6823,40.778067290089375
6824,36.68633301036476
6825,42.06256575914996
6826,27.211901097169477
6827,27.245028874947256
6828,35.318602455818265
6829,59.105044823692346
6830,55.457259724480686
6831,38.23525518776867
6832,57.986115297728055
6833,47.16158980760054
6834,47.90631213985633
6835,27.029557552562668
6836,34.73192630088898
6837,52.99128390622033
6838,31.077121004792996
6839,41.21242051092157
6840,29.311420803011412
6841,36.18023183198054
6842,42.379919309605434
6843,41.311487186461584
6844,37.689353090992434
6845,23.458490176942963
6846,33.61822571109153
6847,29.240476919289307
6848,37.54097963118346
6849,47.856061027442784
6850,19.493149235885664
6851,28.812378546480563
6852,41.349745807942355
6853,36.50180863535233
6854,41.47130272379088
6855,50.09294554665332
6856,36.05725510398887
6857,42.75654628129653
6858,41.33212593142523
6859,32.15572552257027
6860,37.402742231085995
6861,36.07556992658001
6862,44.29574837205882
6863,22.95457183519804
6864,44.66151456163749
6865,42.68830476995223
6866,50.078772624844
6867,29.232192611492994
6868,31.540921882418587
6869,33.030106892797896
6870,43.42872896483237
6871,42.21294452026589
6872,43.954451242615356
6873,41.71735722620824
6874,39.82294301036858
6875,43.90937891399019
6876,37.42935139347054
6877,19.524259392037887
6878,41.309996333693945
6879,23.82968736910375
6880,47.48088272994713
6881,39.547127402323845
6882,35.47601895775455
6883,27.317439102899993
6884,32.07042364215767
6885,42.018362968979055
6886,29.023071120962555
6887,49.61148048222709
6888,42.68432235375639
6889,45.71616601581295
6890,53.27450393340172
6891,40.24265516989589
6892,39.82294301036858
6893,41.325528294207516
6894,34.718705445754445
6895,57.16414947268879
6896,19.711904024637633
6897,37.54097963118346
6898,32.92888778208803
6899,24.424730418999683
6900,37.931521028173876
6901,18.62044150938167
6902,42.98072408855958
6903,25.20614774749045
6904,38.63557751204347
6905,41.8885645598239
6906,44.773898008335685
6907,25.696038105000373
6908,35.29344238035433
6909,37.83081970727643
6910,34.66527275529736
6911,41.43723877769193
6912,39.48007659192181
6913,20.213498958928184
6914,48.96434105327401
6915,38.27848360350507
6916,37.3569322481946
6917,29.498637638541513
6918,27.297323044420313
6919,39.42721268714677
6920,35.5628448330395
6921,42.291059057549354
6922,40.28572089421152
6923,26.172121832120197
6924,51.874945007821275
6925,48.22785005706955
6926,33.85226796645703
6927,31.681986283892755
6928,41.389212252592294
6929,50.6556941066076
6930,45.46726016309116
6931,19.695119028392863
6932,36.952880689340894
6933,34.48698787551015
6934,35.29344238035433
6935,39.083710327234236
6936,24.12826809316586
6937,30.608883326461196
6938,51.63742583210356
6939,40.191891663001094
6940,33.069175816146746
6941,29.6294728413381
6942,23.11049004873948
6943,38.2691598728693
6944,42.019360652497106
6945,28.237953511317688
6946,49.84640452207134
6947,49.338281093305035
6948,38.31802369349169
6949,27.49088642169147
6950,41.4055700165737
6951,37.39331290798873
6952,33.94881661442779
6953,41.5776136732243
6954,34.8083303624965
6955,53.10463656443206
6956,37.60557894062723
6957,28.299398485343556
6958,42.050427853599224
6959,19.152775031293956
6960,49.141376437544096
6961,42.91654806700939
6962,20.376092050345854
6963,38.576461993484656
6964,51.14292674269499
6965,39.21994969138228
6966,54.00331792820236
6967,42.75239278900713
6968,36.48405617356385
6969,35.860283574822695
6970,28.162514816119252
6971,35.29344238035433
6972,41.175058156924045
6973,52.0689459807517
6974,35.318602455818265
6975,29.241061762867265
6976,42.27687325659773
6977,32.92888778208803
6978,17.79400503473178
6979,47.04066392122269
6980,27.602124587404603
6981,23.407271788436727
6982,42.87733442917769
6983,34.092687898649864
6984,42.691805936160144
6985,37.65360797842224
6986,33.35777773240459
6987,53.05160275274083
6988,44.94463517865476
6989,46.274435537157736
6990,33.90047399106548
6991,42.84081547739364
6992,51.63742583210356
6993,37.693941239804
6994,32.6093902081889
6995,50.80302563883014
6996,19.894680870161345
6997,44.84134843107713
6998,50.2967698151171
6999,19.894680870161345
7000,42.91654806700939
7001,19.51007254070775
7002,23.205023655448908
7003,24.194449616066624
7004,33.841372169983345
7005,19.405111864904068
7006,32.965770301325755
7007,30.85129217427102
7008,41.76104889771412
7009,25.696038105000373
7010,42.006720856336926
7011,24.894792222736168
7012,49.17921735601569
7013,43.7995078086062
7014,47.420791949663816
7015,35.88261256119309
7016,44.07152797170708
7017,41.309996333693945
7018,52.87790819457306
7019,48.8504498455782
7020,26.370540400613336
7021,32.584537823032875
7022,35.422912826855224
7023,38.944232367439746
7024,36.98360011499431
7025,42.75654628129653
7026,39.97673666913962
7027,17.79400503473178
7028,38.76364520678492
7029,34.8083303624965
7030,19.711904024637633
7031,44.040283392160454
7032,45.15920886508486
7033,39.16365494035258
7034,27.252278513907147
7035,36.03805419288207
7036,27.1557201982426
7037,42.691805936160144
7038,28.452937511461794
7039,35.318602455818265
7040,39.11080432284617
7041,36.834100875183
7042,36.90215781622923
7043,33.30106303868499
7044,47.798627836937364
7045,35.92525544511171
7046,36.90215781622923
7047,41.24538066550431
7048,48.1378880624064
7049,42.164861806105
7050,38.55154684017929
7051,46.71256888243328
7052,42.15196826687848
7053,42.75654628129653
7054,19.405111864904068
7055,28.74871017976045
7056,34.29820988119811
7057,19.711904024637633
7058,43.156904710416114
7059,37.880392348266234
7060,48.978407719940684
7061,41.309996333693945
7062,49.046992369642034
7063,47.49095555230658
7064,42.057071570070484
7065,22.17346760399576
7066,36.95046754184966
7067,49.7778149674485
7068,40.969349733417296
7069,19.07304859027653
7070,25.532152969268083
7071,33.54208530041925
7072,40.04982234166306
7073,51.09617800904427
7074,35.89091972418458
7075,38.26587686605841
7076,28.27159829863325
7077,50.12887732654434
7078,25.10354499390019
7079,48.41726116076942
7080,40.899044345943125
7081,40.71597319321872
7082,42.379919309605434
7083,38.338200024026456
7084,44.2864963971262
7085,33.34112129794877
7086,40.25770937055373
7087,46.91500088893016
7088,42.91494862900033
7089,42.91494862900033
7090,22.434758872587775
7091,28.715093386023643
7092,36.92857558361831
7093,33.8065372113576
7094,39.82294301036858
7095,50.93870599030097
7096,35.92525544511171
7097,38.251452928461724
7098,42.379919309605434
7099,44.094087436478674
7100,28.1600610112867
7101,26.272696381833196
7102,34.34818450558949
7103,47.82786822128973
7104,37.77314453159041
7105,20.213498958928184
7106,41.39266296252893
7107,42.3468381367421
7108,44.08993586721122
7109,48.31485107063952
7110,52.97561072160941
7111,41.30309809276141
7112,44.190471005888725
7113,41.811876319583796
7114,28.95856632425834
7115,20.33068466442005
7116,47.881465119470704
7117,34.04489034409962
7118,20.349500087720113
7119,27.89608665597051
7120,47.861650152680255
7121,37.30721046144546
7122,26.027140838856994
7123,51.26613490958494
7124,35.060423506077875
7125,47.881465119470704
7126,41.37749084520953
7127,49.56155530533854
7128,28.95856632425834
7129,36.90215781622923
7130,47.46346393187963
7131,50.62680935416108
7132,38.63557751204347
7133,35.82062198423427
7134,47.73018532332923
7135,36.60301212212163
7136,48.43178114335319
7137,22.53047085060123
7138,46.89022612893918
7139,38.52853239805103
7140,35.44858322987947
7141,37.14794087041408
7142,46.44929628352589
7143,34.01741461017418
7144,39.495117397789414
7145,19.07304859027653
7146,42.050427853599224
7147,37.503465702599534
7148,44.52860931944226
7149,35.11846587429921
7150,46.77276712135412
7151,38.72361931416119
7152,18.740443086195942
7153,21.422562242963064
7154,33.35777773240459
7155,43.626949671162485
7156,52.602615496784246
7157,42.98072408855958
7158,55.10345884074584
7159,37.12938965762905
7160,48.72524524865245
7161,43.685895120625226
7162,42.91494862900033
7163,45.03331728731331
7164,36.60301212212163
7165,35.7952309497746
7166,36.779199637844066
7167,38.55154684017929
7168,35.74438673248936
7169,35.29344238035433
7170,45.25093990986994
7171,33.01258611750425
7172,48.139001895666716
7173,44.020065621520565
7174,41.4055700165737
7175,55.91758587995642
7176,44.85759680791363
7177,42.379919309605434
7178,25.398659478027174
7179,42.29536351086631
7180,22.100274011562064
7181,35.927548612607126
7182,43.89004313694719
7183,26.411058680847102
7184,22.85466639643222
7185,58.548660470355834
7186,31.378809991235187
7187,40.04982234166306
7188,32.04666388442309
7189,20.213498958928184
7190,21.56121783654866
7191,35.29344238035433
7192,46.8004687973966
7193,36.687701696692706
7194,37.583776562299384
7195,34.29820988119811
7196,49.075705266345246
7197,43.16848419142544
7198,47.112437419845826
7199,32.59422900752107
7200,43.02739735375639
7201,44.414282778401365
7202,35.927548612607126
7203,37.29079314921318
7204,29.541472194976922
7205,22.475510963296546
7206,18.681052917189362
7207,42.543410096159825
7208,38.171766386866075
7209,34.40869715400284
7210,56.15007843743018
7211,20.366902535324225
7212,35.186375481937795
7213,20.621132024627855
7214,37.3569322481946
7215,38.171999422074556
7216,19.35322958712145
7217,52.036077282546195
7218,30.852844973765627
7219,35.5628448330395
7220,22.329228589965833
7221,28.27159829863325
7222,40.48959477407386
7223,48.5125471584196
7224,45.29961221964126
7225,26.4485547198944
7226,43.18594477591836
7227,30.436030748218002
7228,23.205023655448908
7229,34.04489034409962
7230,33.34112129794877
7231,45.655189882649495
7232,46.62945309799746
7233,21.6988650252474
7234,18.740443086195942
7235,35.24886529698935
7236,46.309351229605916
7237,23.940797013038264
7238,36.502703916665695
7239,48.28967344267304
7240,20.349500087720113
7241,26.783472245471398
7242,53.489689197367454
7243,29.0869240612294
7244,37.442536133829826
7245,51.16653175226622
7246,27.962593707547597
7247,42.14289701122275
7248,40.975275718695094
7249,46.44376418049251
7250,43.379611549888864
7251,34.04489034409962
7252,50.03425093797123
7253,46.47270822658427
7254,24.863755464603823
7255,42.84081547739364
7256,53.64002527158946
7257,42.94692994436292
7258,51.09582800904428
7259,47.589979366505325
7260,27.25540347745932
7261,51.014108863617736
7262,37.5917030928843
7263,52.99128390622033
7264,41.82433491342349
7265,38.7830384562811
7266,47.30291673525728
7267,44.07152797170708
7268,41.4055700165737
7269,31.269340079410778
7270,37.91267351690011
7271,50.244764323452564
7272,28.551988918575386
7273,35.19513536115483
7274,33.43163647848224
7275,46.56630219452949
7276,55.17368447730308
7277,45.03331728731331
7278,41.91197918300946
7279,43.943090615123424
7280,44.19895758608943
7281,48.39275317054
7282,43.954451242615356
7283,34.594995740723625
7284,38.59491071143338
7285,38.67090145477578
7286,39.831455337045576
7287,19.489978827773964
7288,37.30721046144546
7289,29.129593392140027
7290,43.886724121809685
7291,42.84326868522961
7292,24.22343268246904
7293,41.77350231545643
7294,51.951743196212476
7295,30.592048443835864
7296,20.080216773264
7297,42.91494862900033
7298,44.143966142315946
7299,26.769628175559635
7300,43.142947517822414
7301,33.16805789164206
7302,42.92382814437794
7303,42.6832784813083
7304,51.337070098150946
7305,39.82294301036858
7306,28.254972896024526
7307,30.897962295538544
7308,41.4055700165737
7309,32.92888778208803
7310,44.040283392160454
7311,43.50256251248655
7312,53.26973126261466
7313,27.002484507735304
7314,33.90331977868178
7315,26.537251930228777
7316,37.091319635435696
7317,42.006720856336926
7318,36.27986641188679
7319,50.97016802443517
7320,39.547127402323845
7321,44.72417600117336
7322,51.143577730872096
7323,29.417022524583924
7324,42.519059544003305
7325,25.894178698437084
7326,39.82294301036858
7327,40.94038411886071
7328,17.79400503473178
7329,41.30309809276141
7330,30.54037815046908
7331,42.75654628129653
7332,41.71533556358212
7333,43.51591040459811
7334,19.493149235885664
7335,39.82294301036858
7336,29.262708423902428
7337,26.0329259171837
7338,28.84139898597435
7339,39.52481138145779
7340,25.54475372320144
7341,45.15920886508486
7342,42.982197527937466
7343,47.177422963470036
7344,38.48345280576303
7345,48.315955103973685
7346,19.58774043300048
7347,35.92525544511171
7348,53.45698491796934
7349,30.50735204141547
7350,20.24245344101391
7351,29.739740158145242
7352,37.23913948458292
7353,38.11149433812228
7354,41.349745807942355
7355,48.96037021994068
7356,48.603014312360415
7357,38.12125259802579
7358,36.06619482345756
7359,38.171999422074556
7360,34.718705445754445
7361,50.10576610118208
7362,43.18594477591836
7363,44.07152797170708
7364,62.35663146664737
7365,35.987691079118534
7366,46.078131800495925
7367,44.40895118242736
7368,29.582851705681055
7369,37.49071098104399
7370,20.688824977321257
7371,32.92888778208803
7372,41.325528294207516
7373,19.93094093001066
7374,27.81979906812212
7375,38.592308420821446
7376,37.98903963890394
7377,49.445576334462395
7378,37.334851817734915
7379,19.405111864904068
7380,19.59656558557262
7381,32.72794230217873
7382,20.376092050345854
7383,45.7984870165593
7384,29.537204761510452
7385,27.415713688799382
7386,42.42055758650327
7387,42.34261898549397
7388,38.55154684017929
7389,38.27659467445661
7390,36.53410585757456
7391,24.039343626458628
7392,28.805483817644586
7393,49.52825713276655
7394,33.85226796645703
7395,39.02959921327872
7396,47.22031766043974
7397,45.83271831426723
7398,47.144207160611415
7399,32.372251238112135
7400,37.65237822934934
7401,40.749430135900724
7402,47.04066392122269
7403,51.672076186294674
7404,20.24245344101391
7405,46.721228315298895
7406,35.29344238035433
7407,42.84081547739364
7408,27.66690102174
7409,43.029574398762584
7410,20.416881182874956
7411,25.10354499390019
7412,18.440569915334653
7413,42.243230852674316
7414,29.26803419955048
7415,47.42765737875299
7416,35.7786345629917
7417,36.14915240566024
7418,41.4055700165737
7419,34.307823201108725
7420,43.058040605061684
7421,37.240958695917506
7422,40.24265516989589
7423,40.986817521224275
7424,33.641317259247494
7425,24.927323579439776
7426,43.967819342492895
7427,50.561924631915296
7428,35.060423506077875
7429,37.028751334377546
7430,50.771072385080764
7431,43.44980159231113
7432,46.08012561170807
7433,49.12054967328425
7434,53.70565528286073
7435,32.38083540690264
7436,26.448108150417628
7437,30.15503417304281
7438,37.32723922938474
7439,43.685895120625226
7440,37.402742231085995
7441,48.530474221769566
7442,42.369135003310475
7443,42.91654806700939
7444,18.806727205022465
7445,33.522021456967686
7446,19.894680870161345
7447,42.691805936160144
7448,20.213498958928184
7449,29.260805247974602
7450,40.76715416862253
7451,20.688824977321257
7452,35.80442676132841
7453,50.09388774645159
7454,41.81227638325414
7455,39.369002730167644
7456,36.18023183198054
7457,49.53320411918184
7458,48.96037021994068
7459,48.76114374388382
7460,44.040283392160454
7461,58.4333545322238
7462,44.414282778401365
7463,42.74869662410371
7464,52.16644179408642
7465,50.798535590468454
7466,27.962593707547597
7467,26.213485387661
7468,42.379919309605434
7469,44.43707047621273
7470,35.740256512809026
7471,32.53148783277766
7472,50.798535590468454
7473,24.942014650956597
7474,41.806598222634335
7475,37.53442403593288
7476,32.92888778208803
7477,35.98944930588284
7478,27.54094143022502
7479,40.26631239763429
7480,36.27496514075923
7481,34.29820988119811
7482,36.52426056729036
7483,48.657802289634766
7484,40.38908961219568
7485,20.213498958928184
7486,29.771806768625883
7487,48.271913005811456
7488,35.86346762859262
7489,31.269340079410778
7490,19.133080949013333
7491,38.76364520678492
7492,42.3468381367421
7493,30.207445396536816
7494,44.99728107296022
7495,43.955355323012725
7496,51.22413649417107
7497,41.097136933897936
7498,36.89859370880697
7499,29.518949806148196
7500,20.688824977321257
7501,37.8098912423881
7502,42.75654628129653
7503,44.91606363646779
7504,27.827835693362285
7505,38.90148312819131
7506,42.75654628129653
7507,37.36672531255426
7508,29.062589724645267
7509,47.52452807528027
7510,40.6220401769057
7511,21.493872622831503
7512,25.40656324161169
7513,42.42738107735692
7514,41.19383800426649
7515,49.870099206699614
7516,34.92656975361496
7517,32.90758832475654
7518,25.82617911114816
7519,37.334851817734915
7520,29.875038282512175
7521,26.713284503964555
7522,30.24439175059264
7523,42.1330190186296
7524,36.940186115903735
7525,25.330459554543694
7526,28.23555647166634
7527,37.54097963118346
7528,42.15804878493202
7529,19.695119028392863
7530,21.132524011738642
7531,19.374250008676654
7532,41.29348910271452
7533,40.908793483321084
7534,42.14289701122275
7535,46.25655888168519
7536,29.412080540388086
7537,19.405111864904068
7538,55.457259724480686
7539,46.445837477974976
7540,34.169910075248275
7541,27.148396817741926
7542,25.547811577313414
7543,36.39448406572726
7544,51.00735253389294
7545,49.54881671067514
7546,22.109257758177446
7547,28.92643527680205
7548,41.86974517006257
7549,17.79400503473178
7550,26.0329259171837
7551,40.18358186433841
7552,42.019360652497106
7553,48.09389054769753
7554,37.94621948665939
7555,52.62184630875413
7556,40.84025761205001
7557,47.289799959893095
7558,35.635916154195115
7559,29.947114587626462
7560,44.10307764232474
7561,38.234083767844
7562,48.78980577488816
7563,36.63252993202309
7564,43.11619083347591
7565,29.771806768625883
7566,42.822404630515045
7567,41.349745807942355
7568,46.47100741139371
7569,23.204861925564714
7570,26.74258134411254
7571,43.51591040459811
7572,39.63865496660127
7573,52.99128390622033
7574,44.73310564221064
7575,34.370468056344215
7576,28.99508521522615
7577,39.427573743397986
7578,24.590630969580047
7579,21.493872622831503
7580,19.886995549358833
7581,38.171999422074556
7582,41.30309809276141
7583,28.27159829863325
7584,54.146289974802976
7585,47.88443922987124
7586,31.21682633507704
7587,30.480679140393406
7588,43.07355717696736
7589,26.575904936675045
7590,45.502721085748306
7591,37.73061306013721
7592,17.79400503473178
7593,48.585884766300985
7594,44.75276627043862
7595,35.471530317567606
7596,43.05533749050583
7597,49.637320775184634
7598,28.60590971233996
7599,31.320886829978008
7600,41.32524792746492
7601,36.1942983063602
7602,34.71465311263976
7603,34.93052376688089
7604,41.962126617107394
7605,28.95387476010046
7606,36.540758711600795
7607,33.35777773240459
7608,48.96037021994068
7609,52.434442849351626
7610,35.29344238035433
7611,45.596856595681906
7612,40.86807561125189
7613,40.48111587859422
7614,35.170921034712215
7615,20.213498958928184
7616,42.91654806700939
7617,33.92199324837906
7618,40.01076513404496
7619,35.78337516800206
7620,33.202590083111716
7621,46.73012623814329
7622,33.27527028722458
7623,42.75654628129653
7624,27.408730804841507
7625,41.41495493352206
7626,41.84507997762429
7627,42.3468381367421
7628,35.47601895775455
7629,37.74980262087046
7630,29.468182435528018
7631,37.82641674374839
7632,39.831455337045576
7633,27.317439102899993
7634,34.44955400228853
7635,25.21489516532763
7636,42.83481218897621
7637,42.84081547739364
7638,19.73223226045846
7639,36.63252993202309
7640,31.269340079410778
7641,19.711904024637633
7642,42.006720856336926
7643,42.84081547739364
7644,41.22009568336668
7645,21.16241995875346
7646,20.949289266113958
7647,37.82641674374839
7648,37.293592534149774
7649,28.345582188811004
7650,47.71856634779548
7651,29.099555098518874
7652,29.967964774464132
7653,42.138855099880345
7654,47.96980064073662
7655,42.61635299556688
7656,48.29015309043279
7657,45.65382391456279
7658,40.11606223082147
7659,45.88028799294716
7660,39.82566923581726
7661,35.72459741795717
7662,41.22761417156681
7663,40.45626426975187
7664,36.48626106906847
7665,36.06258954903873
7666,39.16365494035258
7667,22.93960883186072
7668,55.457259724480686
7669,37.338546993591144
7670,42.691805936160144
7671,27.625264565330585
7672,37.609314290506916
7673,28.894384222681225
7674,25.58016989800704
7675,19.1208521174216
7676,29.00907363276188
7677,30.254234695948963
7678,38.25701824397279
7679,41.309996333693945
7680,42.006720856336926
7681,42.28410836209476
7682,45.54953330026584
7683,41.349745807942355
7684,35.87653583316804
7685,42.64266981046679
7686,35.602203305552024
7687,27.259956472960422
7688,26.939498176572982
7689,40.883196422399415
7690,39.90864583484861
7691,24.942014650956597
7692,49.08285870653331
7693,38.251452928461724
7694,34.931652681113654
7695,37.35069206088388
7696,48.34591543400324
7697,32.2036050835167
7698,42.19198815572043
7699,43.029574398762584
7700,50.08385441311825
7701,42.15804878493202
7702,40.53605654494075
7703,49.505447071439
7704,27.94387069468668
7705,36.98360011499431
7706,44.07449904331861
7707,41.47130272379088
7708,36.63252993202309
7709,33.21575689220557
7710,35.47601895775455
7711,37.36672531255426
7712,52.0689459807517
7713,32.79416013895888
7714,36.02600001416902
7715,40.83907801121513
7716,25.424180181403063
7717,19.51007254070775
7718,49.032726640154145
7719,27.625264565330585
7720,37.358284457322654
7721,29.018719297137494
7722,44.08993586721122
7723,37.880392348266234
7724,35.069455582942844
7725,28.254972896024526
7726,50.03425093797123
7727,35.0052867220413
7728,46.11219704585928
7729,47.881465119470704
7730,42.75654628129653
7731,45.79759887109939
7732,37.74929742922555
7733,53.03721338766146
7734,20.376092050345854
7735,37.75449113535749
7736,24.632915406618313
7737,55.457259724480686
7738,57.986115297728055
7739,44.29536919311701
7740,34.469054998514174
7741,19.870993746006274
7742,41.097136933897936
7743,39.99042974708912
7744,42.75654628129653
7745,32.584537823032875
7746,25.02173141873293
7747,34.594995740723625
7748,28.12045052644501
7749,43.01032751297725
7750,35.069455582942844
7751,31.891718569231887
7752,39.16365494035258
7753,27.415713688799382
7754,41.30309809276141
7755,39.97564629763596
7756,42.85072801196758
7757,35.29344238035433
7758,44.07152797170708
7759,36.35282146816125
7760,43.42969910048813
7761,46.04606986565212
7762,47.881465119470704
7763,19.152775031293956
7764,59.105044823692346
7765,35.26743111818195
7766,42.006720856336926
7767,38.64683817381555
7768,43.18594477591836
7769,41.361971003436906
7770,37.2780505548109
7771,33.24881970101003
7772,47.61612358742844
7773,46.70714463362095
7774,46.24609298831393
7775,40.986817521224275
7776,43.04836815935672
7777,42.28410836209476
7778,28.736203394695295
7779,37.8313510998344
7780,20.054714153063202
7781,35.47601895775455
7782,47.177422963470036
7783,19.51007254070775
7784,35.29344238035433
7785,47.08925377603051
7786,40.404753498297524
7787,40.84025761205001
7788,45.19211564756202
7789,35.29344238035433
7790,30.54037815046908
7791,39.1264628093778
7792,47.02026098036719
7793,37.96010242282254
7794,25.394773340989868
7795,37.08778012396598
7796,56.0412819723129
7797,43.05507664510507
7798,28.515087236877452
7799,20.33068466442005
7800,45.65382391456279
7801,19.695119028392863
7802,27.56683561255404
7803,42.84081547739364
7804,35.37885146798242
7805,39.630014753376464
7806,35.318602455818265
7807,20.376092050345854
7808,36.687701696692706
7809,41.57285965556706
7810,40.11606223082147
7811,38.59678735156326
7812,30.028976487834655
7813,22.937278563839385
7814,38.96697455807281
7815,47.99386076153845
7816,29.498637638541513
7817,36.75739385313152
7818,21.227704908678223
7819,42.91654806700939
7820,45.454898785719784
7821,18.806155980354983
7822,56.03575661037917
7823,20.054714153063202
7824,49.03398237425518
7825,22.201987236578095
7826,52.309877785101484
7827,28.19542838312339
7828,41.09463630528364
7829,30.367976285951375
7830,47.71856634779548
7831,30.546176852260473
7832,36.63252993202309
7833,40.45626426975187
7834,44.07152797170708
7835,35.267260777376954
7836,52.87790819457306
7837,29.04404691549283
7838,35.77939568709968
7839,36.897476555725774
7840,37.75449113535749
7841,41.67721907797816
7842,19.930273003086995
7843,18.604546855716027
7844,35.623762220053756
7845,50.244764323452564
7846,40.86807561125189
7847,39.67464587064888
7848,30.147744353982592
7849,25.53010153573867
7850,29.289081389965798
7851,37.028751334377546
7852,39.630014753376464
7853,32.92888778208803
7854,27.54688895142232
7855,50.45217811470098
7856,33.34112129794877
7857,21.764553769489794
7858,37.223578121822825
7859,43.886724121809685
7860,19.267696929059397
7861,39.74616196297242
7862,38.98134979485798
7863,29.010587637806747
7864,43.01330559482434
7865,28.862223564531494
7866,36.39364670499635
7867,36.02600001416902
7868,31.540921882418587
7869,29.923808486838322
7870,38.55154684017929
7871,27.949745702733328
7872,31.75775768859769
7873,35.129482893758855
7874,36.17748005623478
7875,47.30489757607904
7876,35.29344238035433
7877,20.526414969065595
7878,30.54037815046908
7879,18.641876069861414
7880,27.46746293999169
7881,33.28416310681219
7882,33.97119605887223
7883,46.6074787900937
7884,22.514463780756866
7885,42.98072408855958
7886,20.054714153063202
7887,41.71735722620824
7888,46.58583436060829
7889,43.33518122458122
7890,43.64601005649956
7891,44.430161947851246
7892,30.599598379923695
7893,34.8083303624965
7894,37.89693006828244
7895,50.082566101182074
7896,46.017992313273574
7897,42.1330190186296
7898,43.688519917659654
7899,28.867199903457472
7900,19.405111864904068
7901,39.15529090894926
7902,30.592048443835864
7903,18.75436895600617
7904,50.87209102705676
7905,46.53939947100074
7906,43.18594477591836
7907,58.874944274942685
7908,33.01258611750425
7909,42.75654628129653
7910,46.56657261686953
7911,20.213498958928184
7912,45.502721085748306
7913,35.29344238035433
7914,24.396156867234257
7915,34.70682861712749
7916,46.08012561170807
7917,38.39907931191863
7918,40.18358186433841
7919,43.715277176076164
7920,30.66303621838001
7921,37.401881096094606
7922,44.29574837205882
7923,39.82294301036858
7924,47.419432853055774
7925,46.6074787900937
7926,43.029574398762584
7927,34.69094199321562
7928,37.24790592113942
7929,40.037871106481205
7930,37.183492761415295
7931,55.457259724480686
7932,42.19198815572043
7933,30.54037815046908
7934,47.59701317086277
7935,28.16758051658108
7936,51.09617800904427
7937,20.376092050345854
7938,50.798535590468454
7939,38.59491071143338
7940,42.91494862900033
7941,22.375370562824145
7942,38.25124543552672
7943,32.92888778208803
7944,29.092877486090078
7945,45.15920886508486
7946,38.76364520678492
7947,18.851999583856028
7948,48.315955103973685
7949,22.165185370951022
7950,38.74253294117775
7951,26.96736673563358
7952,29.541472194976922
7953,56.03575661037917
7954,39.232885954292364
7955,47.48088272994713
7956,42.68830476995223
7957,27.962593707547597
7958,45.502721085748306
7959,27.726915326084832
7960,51.09617800904427
7961,40.899044345943125
7962,29.09133764491774
7963,45.44654452624976
7964,40.51894217240667
7965,48.409265246197386
7966,43.72142631594985
7967,18.740443086195942
7968,20.230338352613703
7969,40.26631239763429
7970,43.954451242615356
7971,39.31848000869085
7972,29.129204540645038
7973,42.68830476995223
7974,48.271913005811456
7975,38.7908523253621
7976,39.375784190918594
7977,40.482745805636334
7978,43.90479259413359
7979,28.437353531725563
7980,18.740443086195942
7981,40.11606223082147
7982,36.8780387273658
7983,36.10858755564289
7984,29.534805387286823
7985,42.91654806700939
7986,38.50610292846172
7987,46.24487768451481
7988,39.79340002254017
7989,42.691805936160144
7990,18.440569915334653
7991,25.79952357549169
7992,20.742604764907437
7993,55.323866559638695
7994,41.309996333693945
7995,33.843857453936536
7996,37.911305951010405
7997,42.28781480483539
7998,50.4124985121494
7999,38.16111850369487
8000,20.647497638618272
8001,34.29820988119811
8002,37.91191646765056
8003,37.70206750173577
8004,42.243230852674316
8005,40.986817521224275
8006,49.037740423339024
8007,19.152775031293956
8008,37.60069312411981
8009,19.25610608421214
8010,47.71856634779548
8011,20.24245344101391
8012,40.86807561125189
8013,35.85652386135755
8014,35.47601895775455
8015,30.367976285951375
8016,37.48600554050689
8017,38.04516248711575
8018,47.95339594156258
8019,30.91431772855667
8020,34.73635380772137
8021,35.500072106275745
8022,28.09403673854763
8023,31.247586381180366
8024,19.405111864904068
8025,37.042288476101895
8026,47.130069374231425
8027,38.55154684017929
8028,40.96238474550399
8029,29.05552722464527
8030,43.00948693919786
8031,31.221418126686853
8032,34.76831056383316
8033,40.344386733588095
8034,42.19198815572043
8035,29.12329250861497
8036,46.72244459427592
8037,50.17230860908153
8038,26.426558211086945
8039,36.48405617356385
8040,51.20085875783631
8041,21.47937621738846
8042,41.05602290852483
8043,17.79400503473178
8044,33.92542116023588
8045,37.49110186782841
8046,35.95687210568823
8047,54.380605376484766
8048,42.1330190186296
8049,28.921490834331603
8050,41.311779010635405
8051,42.92382814437794
8052,31.269340079410778
8053,41.97287463443579
8054,53.03721338766146
8055,46.19686818957204
8056,26.939498176572982
8057,37.334851817734915
8058,28.938218275249028
8059,33.98118657347419
8060,44.68765779325821
8061,38.04230723346837
8062,37.142201476536485
8063,46.45062869908066
8064,40.23908212438375
8065,41.37749084520953
8066,26.939498176572982
8067,37.23913948458292
8068,35.55251303642721
8069,50.03425093797123
8070,25.82617911114816
8071,50.44215596756985
8072,53.03721338766146
8073,42.84081547739364
8074,44.07152797170708
8075,27.688706183053664
8076,31.540921882418587
8077,18.806155980354983
8078,23.654848491142335
8079,23.88978341457309
8080,46.831954783481244
8081,45.41021710764571
8082,42.379919309605434
8083,49.80877201649276
8084,47.94389897919657
8085,34.659084185208606
8086,20.284946257488677
8087,40.86807561125189
8088,33.34112129794877
8089,23.88978341457309
8090,44.84015074771916
8091,41.50959066220741
8092,38.55154684017929
8093,46.45062869908066
8094,46.73012623814329
8095,35.120666123251205
8096,18.586467519019376
8097,19.405111864904068
8098,35.29344238035433
8099,23.657109934261104
8100,41.08570631939427
8101,44.139726483244516
8102,19.711904024637633
8103,47.323276584358474
8104,45.46325368800223
8105,31.744669060860062
8106,36.67903814625146
8107,37.47735776174451
8108,43.379611549888864
8109,20.647497638618272
8110,37.54097963118346
8111,41.987610997101854
8112,51.9418271821261
8113,45.062946926752055
8114,29.42357830882472
8115,42.91654806700939
8116,37.045149062682675
8117,25.930207020610748
8118,39.547127402323845
8119,54.96108885432409
8120,37.402742231085995
8121,29.506797579119404
8122,35.51686965271755
8123,46.01551374160315
8124,32.946694161001936
8125,36.02600001416902
8126,24.22343268246904
8127,41.27289681706946
8128,35.86729261990106
8129,59.105044823692346
8130,41.24098202323829
8131,42.91494862900033
8132,28.52914106479865
8133,37.091319635435696
8134,28.60440636308086
8135,19.711904024637633
8136,37.880392348266234
8137,53.032479867977315
8138,41.84507997762429
8139,39.088617799869176
8140,21.422562242963064
8141,33.507230482905655
8142,19.711904024637633
8143,30.57839844887341
8144,42.57021561445604
8145,49.873257548133665
8146,43.02739735375639
8147,53.26973126261466
8148,29.426095303356192
8149,48.775108171850405
8150,53.59336572942906
8151,33.61822571109153
8152,26.503666925933675
8153,21.45431001966529
8154,35.01912629627919
8155,26.537251930228777
8156,48.22785005706955
8157,42.164861806105
8158,40.94154062966175
8159,24.951046778536
8160,45.65022532343636
8161,48.31991862347085
8162,49.032726640154145
8163,46.45062869908066
8164,38.33265670978154
8165,22.757081436260307
8166,38.27420987286931
8167,54.64227252186392
8168,32.60552870910766
8169,40.86807561125189
8170,29.757477322900257
8171,45.502721085748306
8172,27.89608665597051
8173,39.76118045346803
8174,36.499004808850515
8175,22.514463780756866
8176,49.52825713276655
8177,27.077276590421764
8178,24.077777923804984
8179,38.016866103493555
8180,45.21403378061851
8181,20.381409777676208
8182,42.379919309605434
8183,27.92321374369334
8184,40.13972680504859
8185,46.89022612893918
8186,23.204861925564714
8187,37.96109351379005
8188,27.625264565330585
8189,18.874195207501312
8190,46.309515295769764
8191,20.129262046575096
8192,22.955274465340093
8193,37.3569322481946
8194,41.004825133283866
8195,28.836954681512598
8196,45.03837403659406
8197,46.36161628178565
8198,43.17813930720404
8199,40.68052330290805
8200,25.29195886519022
8201,46.09268820702827
8202,35.16378726980696
8203,19.48666241279085
8204,46.74215432737325
8205,34.65151341019382
8206,51.811670136734136
8207,59.105044823692346
8208,45.42415998766637
8209,52.55323481468739
8210,53.8275463155505
8211,19.076680719800883
8212,30.54037815046908
8213,41.29348910271452
8214,42.029905984369776
8215,35.170369270020934
8216,40.45626426975187
8217,45.35506501028567
8218,36.040190862682294
8219,37.402742231085995
8220,30.592048443835864
8221,41.05602290852483
8222,34.69094199321562
8223,30.57839844887341
8224,45.71531940965904
8225,37.36672531255426
8226,52.059071656603926
8227,48.83374458715039
8228,36.98360011499431
8229,18.921944854301692
8230,39.521984792001085
8231,32.92888778208803
8232,46.76544452488263
8233,45.16259543106395
8234,42.84081547739364
8235,39.10831919882153
8236,35.602203305552024
8237,36.30088648937857
8238,20.227633076745786
8239,29.77560008853003
8240,49.112822097311984
8241,28.661469886150496
8242,49.16742387449122
8243,41.57251266924484
8244,39.49686898658846
8245,49.74921371499945
8246,35.55251303642721
8247,35.39084502933608
8248,49.81861516382452
8249,35.01004005234848
8250,20.508633557113146
8251,51.00735253389294
8252,44.41444662106445
8253,35.80203983719442
8254,42.84081547739364
8255,38.27965690073324
8256,25.21489516532763
8257,40.86807561125189
8258,38.782233481171595
8259,29.738569043095023
8260,28.596128281158816
8261,46.04606986565212
8262,36.18657068390312
8263,30.54037815046908
8264,45.13636170811865
8265,26.027140838856994
8266,54.17230934811832
8267,47.271690783898926
8268,18.806155980354983
8269,37.334851817734915
8270,25.30334529778956
8271,18.483288527122678
8272,41.820380725301796
8273,19.405111864904068
8274,41.92533003966863
8275,26.219964526090905
8276,44.42726617229314
8277,44.07152797170708
8278,23.204861925564714
8279,26.89923927338489
8280,45.88289503630261
8281,37.58521641097121
8282,27.210777292914543
8283,36.02600001416902
8284,38.75353586709184
8285,23.407271788436727
8286,33.836434113416566
8287,28.27159829863325
8288,38.75353586709184
8289,28.254972896024526
8290,20.647497638618272
8291,20.213498958928184
8292,35.84626376608313
8293,39.74616196297242
8294,37.23913948458292
8295,37.57756212008781
8296,26.006721244528293
8297,46.73901048467718
8298,34.59681736741759
8299,42.28410836209476
8300,22.820106545977424
8301,50.73425306594594
8302,37.10977998515407
8303,37.8098912423881
8304,47.420791949663816
8305,45.72733327539029
8306,39.74616196297242
8307,47.420791949663816
8308,26.846409556552903
8309,41.82417933403465
8310,53.57523029443373
8311,46.96689649253082
8312,35.11255459445827
8313,41.92533003966863
8314,27.872129036260834
8315,35.602203305552024
8316,34.69094199321562
8317,42.68674288650084
8318,42.3468381367421
8319,21.45431001966529
8320,30.726132145176393
8321,42.029905984369776
8322,21.06097199852249
8323,43.89741896747726
8324,50.105578421886456
8325,45.25093990986994
8326,40.221325124419394
8327,34.159399534129996
8328,45.979632154407106
8329,29.031298057978603
8330,29.537204761510452
8331,48.15012116106704
8332,46.24487768451481
8333,50.798535590468454
8334,43.7995078086062
8335,49.2493707858485
8336,26.96736673563358
8337,44.33180957110951
8338,35.28102956883656
8339,27.0789684558647
8340,37.23982661100967
8341,25.10354499390019
8342,42.233057254377094
8343,35.968832253081054
8344,41.05602290852483
8345,43.027591417592554
8346,27.602124587404603
8347,27.63018421755011
8348,50.17426652253045
8349,38.03560514976928
8350,30.55587133565354
8351,48.22785005706955
8352,37.709260311793635
8353,40.82125988319479
8354,46.56657261686953
8355,47.81445083104085
8356,47.481401863280325
8357,42.05902971232275
8358,43.00958439742677
8359,35.83270788176665
8360,42.38400008412851
8361,26.713284503964555
8362,48.69851191531912
8363,48.19525639105666
8364,37.8593005290817
8365,18.740443086195942
8366,35.51863288187845
8367,27.88599595184762
8368,44.414282778401365
8369,44.83264218949498
8370,37.402742231085995
8371,51.04035420511945
8372,43.04614237803327
8373,33.42330626339654
8374,44.29574837205882
8375,35.29344238035433
8376,27.029557552562668
8377,39.781282054867994
8378,34.331548919251155
8379,43.02739735375639
8380,41.71735722620824
8381,32.860892604533134
8382,44.58955747230726
8383,26.252076228481926
8384,34.95410671901515
8385,39.630014753376464
8386,40.410207670629696
8387,47.20384268901199
8388,38.375393474550975
8389,42.691805936160144
8390,34.4838295930294
8391,37.334851817734915
8392,56.0412819723129
8393,38.25124543552672
8394,40.36065309239985
8395,30.85129217427102
8396,38.841640560867056
8397,34.938106719015146
8398,38.746870647349176
8399,53.832270607819886
8400,41.806598222634335
8401,37.86959767098192
8402,36.4528405117485
8403,46.504685898760016
8404,25.571898105091204
8405,47.861650152680255
8406,42.68830476995223
8407,48.67529428980731
8408,35.73418572407161
8409,39.180222940779515
8410,31.00846802534883
8411,39.85004210524105
8412,27.09908025493868
8413,43.193337272617754
8414,36.723626625682606
8415,34.60634315019758
8416,38.3685999028192
8417,35.318602455818265
8418,35.8568304225501
8419,46.21587518821293
8420,35.83656751559375
8421,39.63175824299802
8422,48.66111650308173
8423,26.939498176572982
8424,24.927323579439776
8425,39.38463646350305
8426,43.19672282073437
8427,34.523397261479495
8428,36.90215781622923
8429,45.873428555954426
8430,28.69004980678542
8431,43.37341951238589
8432,29.537204761510452
8433,38.265817543723024
8434,46.783545190608116
8435,29.593248211344456
8436,29.947221843120293
8437,43.57865417099823
8438,27.63018421755011
8439,30.764421146262993
8440,36.537790949163686
8441,33.61822571109153
8442,36.606526997497674
8443,20.080216773264
8444,29.879978560289953
8445,42.75654628129653
8446,47.861650152680255
8447,43.02739735375639
8448,44.53969329426523
8449,25.40656324161169
8450,53.01362811502157
8451,19.63736956707153
8452,41.4055700165737
8453,34.29820988119811
8454,44.80465066615178
8455,55.53666082583708
8456,41.156980679134136
8457,47.569775629961384
8458,28.461617364319636
8459,19.711904024637633
8460,35.15401605365762
8461,44.07152797170708
8462,19.9035406362696
8463,35.29344238035433
8464,36.76927876884562
8465,26.537251930228777
8466,43.954451242615356
8467,35.29344238035433
8468,42.5288182291614
8469,48.91318627360457
8470,42.75654628129653
8471,29.396879014970477
8472,37.3569322481946
8473,44.7634636364678
8474,52.99128390622033
8475,37.402742231085995
8476,22.17346760399576
8477,37.32723922938474
8478,40.45626426975187
8479,19.25610608421214
8480,33.96639199356921
8481,40.45626426975187
8482,42.19198815572043
8483,18.740443086195942
8484,49.69385296526801
8485,41.820380725301796
8486,48.051438851755016
8487,27.123822578124756
8488,46.786960643988245
8489,42.029905984369776
8490,27.47865296463912
8491,36.899784402520396
8492,36.46771520833642
8493,42.14289701122275
8494,29.336215259161587
8495,37.71622106549149
8496,49.43275996060544
8497,48.21463225709945
8498,45.15920886508486
8499,19.51007254070775
8500,35.68361060058396
8501,47.35550382772601
8502,41.37749084520953
8503,29.240476919289307
8504,29.973884262112037
8505,48.12168158943413
8506,43.03654038755278
8507,55.457259724480686
8508,46.24487768451481
8509,50.48336510251166
8510,20.276856246395397
8511,25.052024719838528
8512,35.555733225096326
8513,55.99843197231291
8514,49.63633073401593
8515,19.05443372603104
8516,37.61613973691576
8517,34.73192630088898
8518,28.515087236877452
8519,19.405111864904068
8520,43.80932337856828
8521,43.60955911166736
8522,25.21489516532763
8523,26.939498176572982
8524,44.48117139500539
8525,25.07611374461294
8526,45.96105886442251
8527,33.248703034343364
8528,44.70514937216435
8529,19.405111864904068
8530,52.090507466266224
8531,26.374939771360015
8532,28.203947140782862
8533,27.631316565691037
8534,42.68830476995223
8535,28.348263012434174
8536,41.309996333693945
8537,20.213498958928184
8538,43.57032854190803
8539,37.35284228045531
8540,28.798108843383613
8541,22.99393907082028
8542,44.30310315898103
8543,21.640213544548672
8544,33.35777773240459
8545,43.89741896747726
8546,34.29820988119811
8547,36.90457998163297
8548,19.204676779981387
8549,51.30933672026905
8550,25.966611633558134
8551,46.45062869908066
8552,37.99739014213322
8553,26.02273551717556
8554,30.592048443835864
8555,41.29348910271452
8556,42.15804878493202
8557,50.08385441311825
8558,42.75654628129653
8559,45.00261123520111
8560,20.376092050345854
8561,41.47130272379088
8562,46.77276712135412
8563,34.97400489542799
8564,40.96992919419497
8565,47.708795470730614
8566,18.874195207501312
8567,31.8938411904531
8568,42.75654628129653
8569,41.673436123597675
8570,24.297959645012032
8571,42.88141048711262
8572,29.095889360558562
8573,25.66289228295169
8574,48.020691653155495
8575,42.68432235375639
8576,34.598411515964806
8577,45.29961221964126
8578,38.42774966110914
8579,44.49557038301176
8580,34.99443699091125
8581,42.15804878493202
8582,43.955355323012725
8583,44.143966142315946
8584,36.644971494532435
8585,42.75654628129653
8586,44.66151456163749
8587,38.58001512795007
8588,41.94199094277243
8589,41.309996333693945
8590,24.396156867234257
8591,44.87099682806841
8592,42.233057254377094
8593,34.29820988119811
8594,41.25464394669908
8595,27.863856782253226
8596,24.50891399203996
8597,41.84507997762429
8598,44.07449904331861
8599,40.778067290089375
8600,46.45062869908066
8601,35.47601895775455
8602,29.537204761510452
8603,21.414325222309287
8604,35.27345233277271
8605,49.74921371499945
8606,33.08939173880287
8607,44.01116383110687
8608,21.481250116847946
8609,29.771806768625883
8610,53.450487658699224
8611,56.0412819723129
8612,35.0052867220413
8613,40.36327665780985
8614,52.99128390622033
8615,38.07242521896816
8616,36.87244674563297
8617,49.74921371499945
8618,26.872928303045995
8619,47.46346393187963
8620,44.97465616209496
8621,26.928019942374295
8622,18.586467519019376
8623,34.68137844751709
8624,19.675899176684574
8625,27.149046665957417
8626,36.29461935977531
8627,33.61822571109153
8628,40.45752534097046
8629,20.704577944200174
8630,37.150819826506456
8631,46.24487768451481
8632,41.99092003215487
8633,46.45062869908066
8634,30.14687538959805
8635,62.35663146664737
8636,37.08591028504289
8637,40.0259076938002
8638,49.53806938291442
8639,39.66152249682161
8640,35.29344238035433
8641,41.81227638325414
8642,52.99128390622033
8643,44.75550875085613
8644,48.77683258586425
8645,47.20233992553318
8646,40.6220401769057
8647,52.059071656603926
8648,41.806598222634335
8649,35.85744109282003
8650,23.409003291521987
8651,38.27848360350507
8652,41.820380725301796
8653,19.3915268301465
8654,36.687701696692706
8655,49.089494250406595
8656,27.63018421755011
8657,41.349745807942355
8658,29.384238313900315
8659,29.316723243609058
8660,28.556390218557954
8661,36.30668050141474
8662,41.349745807942355
8663,41.47130272379088
8664,19.473772814850864
8665,44.07152797170708
8666,38.73491206908025
8667,45.28165264620162
8668,46.45062869908066
8669,54.460435086927816
8670,20.08278474037789
8671,41.153137931185036
8672,30.00779286170376
8673,41.92533003966863
8674,42.14289701122275
8675,38.1537765975586
8676,23.407271788436727
8677,43.83021020331932
8678,19.9035406362696
8679,37.091319635435696
8680,19.778588967554963
8681,41.64257070028628
8682,47.20992641748297
8683,35.837239516614375
8684,44.51377928273029
8685,27.211901097169477
8686,34.509080851875275
8687,29.0931566691601
8688,35.727996083579775
8689,35.92525544511171
8690,25.669036727396144
8691,38.746870647349176
8692,46.77276712135412
8693,26.167493712420537
8694,28.909718523208145
8695,37.334851817734915
8696,27.93031309398538
8697,19.152775031293956
8698,36.98360011499431
8699,41.309996333693945
8700,29.117421207311708
8701,37.996346543195656
8702,40.45626426975187
8703,29.016225646841974
8704,47.112437419845826
8705,24.927323579439776
8706,48.115229258421
8707,22.76237725116145
8708,43.955355323012725
8709,49.12054967328425
8710,46.7053813180105
8711,39.831455337045576
8712,42.84326868522961
8713,38.68150521647921
8714,37.21810841440611
8715,37.70206750173577
8716,19.493149235885664
8717,41.932584449311335
8718,27.831823820027424
8719,27.602124587404603
8720,40.24265516989589
8721,37.73061306013721
8722,41.13465638112883
8723,41.349745807942355
8724,22.150695925495295
8725,37.70206750173577
8726,20.284946257488677
8727,51.719591433522716
8728,47.994190630833565
8729,35.29344238035433
8730,46.309515295769764
8731,29.316723243609058
8732,48.77835830686778
8733,50.4124985121494
8734,35.03583282424458
8735,42.66896927636873
8736,42.14289701122275
8737,42.28410836209476
8738,56.03575661037917
8739,32.831254657145315
8740,33.34112129794877
8741,40.935127679276455
8742,19.894960276451258
8743,54.00402212398486
8744,51.63742583210356
8745,43.029574398762584
8746,44.84903219484005
8747,19.95277086001229
8748,47.63194704218771
8749,48.96434105327401
8750,27.613217925149723
8751,40.899044345943125
8752,36.67233803889159
8753,30.539670224481096
8754,37.11780351085853
8755,37.26400272326644
8756,44.01902570699057
8757,43.029769707808136
8758,40.6220401769057
8759,27.100271962464145
8760,30.50735204141547
8761,43.01155911926194
8762,48.39344640329795
8763,44.668288941093486
8764,37.93960500433141
8765,53.03721338766146
8766,43.7995078086062
8767,28.16758051658108
8768,42.705372200803986
8769,36.73167392207853
8770,36.7928203639795
8771,19.695119028392863
8772,26.87358252880993
8773,44.39182841186249
8774,35.911434340990574
8775,19.697560673904167
8776,32.14880258949933
8777,49.69385296526801
8778,37.176702644055624
8779,25.879439711065846
8780,26.969564708700148
8781,44.899393508921925
8782,47.71856634779548
8783,37.67232651442668
8784,26.686098944531505
8785,44.09012545241276
8786,41.71735722620824
8787,34.04489034409962
8788,55.88402271132574
8789,28.95856632425834
8790,36.487362090324226
8791,43.18594477591836
8792,42.243230852674316
8793,52.55323481468739
8794,38.75353586709184
8795,36.52426056729036
8796,19.374250008676654
8797,37.33572844528394
8798,18.851999583856028
8799,47.798627836937364
8800,43.90937891399019
8801,47.51255799924652
8802,38.24160934726365
8803,27.317439102899993
8804,22.355014242923286
8805,44.07449904331861
8806,35.42648032597841
8807,30.91431772855667
8808,40.86807561125189
8809,21.36286889815635
8810,37.82641674374839
8811,43.029574398762584
8812,47.14106852119294
8813,27.343579625776567
8814,36.522223132353815
8815,40.1461959457312
8816,45.307363713498376
8817,41.92533003966863
8818,42.68432235375639
8819,38.35030915821543
8820,25.82617911114816
8821,18.806727205022465
8822,28.74871017976045
8823,36.93516106489668
8824,36.90215781622923
8825,42.18829791753986
8826,19.73223226045846
8827,43.83021020331932
8828,39.9091004784761
8829,46.309714933665
8830,43.64648897867752
8831,45.19046370720122
8832,42.63093928132118
8833,20.18906618320791
8834,42.94692994436292
8835,57.21172615879249
8836,47.6850799832252
8837,42.15804878493202
8838,50.37333681359329
8839,50.06230688635433
8840,20.213498958928184
8841,27.89608665597051
8842,42.029905984369776
8843,38.37620902297666
8844,42.037344451218964
8845,42.78859909887465
8846,29.546397435090597
8847,47.861650152680255
8848,34.38598210319562
8849,30.004303383812083
8850,54.62417078508242
8851,45.19046370720122
8852,30.978165029448547
8853,35.29344238035433
8854,30.54037815046908
8855,45.19211564756202
8856,28.16758051658108
8857,48.22785005706955
8858,22.744670132592194
8859,53.03721338766146
8860,59.105044823692346
8861,29.232192611492994
8862,55.457259724480686
8863,49.858430480837576
8864,35.74760869143564
8865,38.10456596117698
8866,38.377703825825826
8867,19.9035406362696
8868,28.429533249984573
8869,28.269813495557248
8870,39.41856991109484
8871,42.38406453842478
8872,43.129485376970536
8873,25.65758903557797
8874,31.761860975243394
8875,25.571898105091204
8876,24.415460235067467
8877,44.980355686592986
8878,32.27362289800932
8879,21.227704908678223
8880,39.09707762333772
8881,36.207928470375066
8882,40.986817521224275
8883,46.92815478348124
8884,41.71533556358212
8885,44.03776181522442
8886,37.23913948458292
8887,19.9035406362696
8888,27.602124587404603
8889,36.52426056729036
8890,48.28967344267304
8891,28.022532317375894
8892,19.886995549358833
8893,19.405111864904068
8894,42.243230852674316
8895,19.708071507241197
8896,35.927548612607126
8897,36.67134445802949
8898,19.052941845760788
8899,22.820106545977424
8900,31.77218675471812
8901,29.516905810525827
8902,42.006720856336926
8903,23.33400543263977
8904,39.82294301036858
8905,31.75775768859769
8906,27.87392270681397
8907,41.71735722620824
8908,29.537204761510452
8909,29.72037707422299
8910,40.49691261392568
8911,45.19211564756202
8912,46.08012561170807
8913,40.509706592777
8914,58.34692974306538
8915,37.35284228045531
8916,37.8098912423881
8917,19.267696929059397
8918,37.23913948458292
8919,26.995069945490275
8920,28.239999407644493
8921,39.82294301036858
8922,59.501374833582105
8923,46.95454393232695
8924,41.806598222634335
8925,35.29344238035433
8926,35.54109256096654
8927,40.35518948442192
8928,39.49686898658846
8929,43.027591417592554
8930,45.07155623615325
8931,19.405111864904068
8932,46.77276712135412
8933,58.58114631403904
8934,47.90417441994571
8935,19.25610608421214
8936,49.089494250406595
8937,33.323263352142234
8938,45.07155623615325
8939,49.29159954613933
8940,37.23913948458292
8941,48.606370248652446
8942,52.434442849351626
8943,19.70648980573108
8944,19.23532830695348
8945,36.21895198475809
8946,40.899044345943125
8947,29.564027060282427
8948,41.309996333693945
8949,27.584934802542545
8950,21.414325222309287
8951,28.844348087492175
8952,40.45626426975187
8953,46.62901022426721
8954,32.92888778208803
8955,43.90937891399019
8956,46.30922339565695
8957,42.97710048062377
8958,39.82294301036858
8959,27.830954257516055
8960,44.49557038301176
8961,37.13100431723601
8962,43.129322611830275
8963,19.19755594708307
8964,41.309996333693945
8965,42.914364498965234
8966,28.74871017976045
8967,37.62227269867973
8968,35.882443908271185
8969,37.48600554050689
8970,29.232192611492994
8971,55.457259724480686
8972,47.46346393187963
8973,37.08324494801985
8974,38.63557751204347
8975,37.23913948458292
8976,29.832470645257512
8977,20.213498958928184
8978,59.08714267564421
8979,42.84081547739364
8980,37.12765338343899
8981,33.61822571109153
8982,20.349500087720113
8983,19.07304859027653
8984,59.501374833582105
8985,42.936260009383425
8986,47.9705031461491
8987,42.608915563597435
8988,27.63523646820167
8989,21.48171433063213
8990,20.65124710815338
8991,28.268247231060798
8992,31.320886829978008
8993,44.143966142315946
8994,41.43723877769193
8995,21.45371957682245
8996,38.528941114583056
8997,46.25655888168519
8998,44.12795934033411
8999,49.35659605138718
9000,51.32931112410146
9001,30.91431772855667
9002,50.44332867222789
9003,44.07152797170708
9004,20.054714153063202
9005,41.309996333693945
9006,28.715093386023643
9007,34.67642605295533
9008,38.81078125891428
9009,41.638702530938325
9010,30.85129217427102
9011,22.681374486252594
